{"bus": 0.40237178034594756, "flight": 0.24959589092831785, "train": 0.17912229020318754, "hotel": 0.10012840849006722, "taxi": 0.05196767127426543, "ship": 0.016813958758214367}